table_name,column_name,data_type,is_nullable,ordinal_position
AnafEFactura,id,STRING,NO,1
AnafEFactura,factura_id,STRING,NO,2
AnafEFactura,anaf_upload_id,STRING,YES,3
AnafEFactura,xml_content,STRING,YES,4
AnafEFactura,anaf_status,STRING,NO,5
AnafEFactura,anaf_response,STRING,YES,6
AnafEFactura,error_message,STRING,YES,7
AnafEFactura,error_code,STRING,YES,8
AnafEFactura,data_upload,TIMESTAMP,YES,9
AnafEFactura,data_validare,TIMESTAMP,YES,10
AnafEFactura,retry_count,INT64,YES,11
AnafEFactura,max_retries,INT64,YES,12
AnafEFactura,data_creare,TIMESTAMP,YES,13
AnafEFactura,data_actualizare,TIMESTAMP,YES,14
AnafEFactura_v2,id,STRING,NO,1
AnafEFactura_v2,factura_id,STRING,NO,2
AnafEFactura_v2,anaf_upload_id,STRING,YES,3
AnafEFactura_v2,xml_content,STRING,YES,4
AnafEFactura_v2,anaf_status,STRING,NO,5
AnafEFactura_v2,anaf_response,STRING,YES,6
AnafEFactura_v2,error_message,STRING,YES,7
AnafEFactura_v2,error_code,STRING,YES,8
AnafEFactura_v2,data_upload,TIMESTAMP,YES,9
AnafEFactura_v2,data_validare,TIMESTAMP,YES,10
AnafEFactura_v2,retry_count,INT64,YES,11
AnafEFactura_v2,max_retries,INT64,YES,12
AnafEFactura_v2,data_creare,TIMESTAMP,YES,13
AnafEFactura_v2,data_actualizare,TIMESTAMP,YES,14
AnafErrorLog,id,STRING,YES,1
AnafErrorLog,category,STRING,YES,2
AnafErrorLog,severity,STRING,YES,3
AnafErrorLog,message,STRING,YES,4
AnafErrorLog,details,STRING,YES,5
AnafErrorLog,factura_id,STRING,YES,6
AnafErrorLog,user_id,STRING,YES,7
AnafErrorLog,timestamp,TIMESTAMP,YES,8
AnafErrorLog,should_retry,BOOL,YES,9
AnafErrorLog,max_retries,INT64,YES,10
AnafErrorLog,requires_manual_intervention,BOOL,YES,11
AnafErrorLog,stack_trace,STRING,YES,12
AnafErrorLog,anaf_response,STRING,YES,13
AnafErrorLog,data_creare,TIMESTAMP,YES,14
AnafErrorLog_v2,id,STRING,YES,1
AnafErrorLog_v2,category,STRING,YES,2
AnafErrorLog_v2,severity,STRING,YES,3
AnafErrorLog_v2,message,STRING,YES,4
AnafErrorLog_v2,details,STRING,YES,5
AnafErrorLog_v2,factura_id,STRING,YES,6
AnafErrorLog_v2,user_id,STRING,YES,7
AnafErrorLog_v2,timestamp,TIMESTAMP,YES,8
AnafErrorLog_v2,should_retry,BOOL,YES,9
AnafErrorLog_v2,max_retries,INT64,YES,10
AnafErrorLog_v2,requires_manual_intervention,BOOL,YES,11
AnafErrorLog_v2,stack_trace,STRING,YES,12
AnafErrorLog_v2,anaf_response,STRING,YES,13
AnafErrorLog_v2,data_creare,TIMESTAMP,YES,14
AnafNotificationLog,id,STRING,YES,1
AnafNotificationLog,type,STRING,YES,2
AnafNotificationLog,severity,STRING,YES,3
AnafNotificationLog,title,STRING,YES,4
AnafNotificationLog,message,STRING,YES,5
AnafNotificationLog,recipients,STRING,YES,6
AnafNotificationLog,success,BOOL,YES,7
AnafNotificationLog,data,STRING,YES,8
AnafNotificationLog,timestamp,TIMESTAMP,YES,9
AnafNotificationLog,data_creare,TIMESTAMP,YES,10
AnafNotificationLog_v2,id,STRING,YES,1
AnafNotificationLog_v2,type,STRING,YES,2
AnafNotificationLog_v2,severity,STRING,YES,3
AnafNotificationLog_v2,title,STRING,YES,4
AnafNotificationLog_v2,message,STRING,YES,5
AnafNotificationLog_v2,recipients,STRING,YES,6
AnafNotificationLog_v2,success,BOOL,YES,7
AnafNotificationLog_v2,data,STRING,YES,8
AnafNotificationLog_v2,timestamp,TIMESTAMP,YES,9
AnafNotificationLog_v2,data_creare,TIMESTAMP,YES,10
AnafTokens,id,STRING,NO,1
AnafTokens,client_id,STRING,NO,2
AnafTokens,access_token,STRING,NO,3
AnafTokens,refresh_token,STRING,NO,4
AnafTokens,expires_at,TIMESTAMP,NO,5
AnafTokens,certificate_serial,STRING,YES,6
AnafTokens,scope,STRING,YES,7
AnafTokens,is_active,BOOL,YES,8
AnafTokens,data_creare,TIMESTAMP,YES,9
AnafTokens,data_actualizare,TIMESTAMP,YES,10
AnafTokens_v2,id,STRING,NO,1
AnafTokens_v2,client_id,STRING,NO,2
AnafTokens_v2,access_token,STRING,NO,3
AnafTokens_v2,refresh_token,STRING,NO,4
AnafTokens_v2,expires_at,TIMESTAMP,NO,5
AnafTokens_v2,certificate_serial,STRING,YES,6
AnafTokens_v2,scope,STRING,YES,7
AnafTokens_v2,is_active,BOOL,YES,8
AnafTokens_v2,data_creare,TIMESTAMP,YES,9
AnafTokens_v2,data_actualizare,TIMESTAMP,YES,10
AnexeContract,ID_Anexa,STRING,NO,1
AnexeContract,contract_id,STRING,NO,2
AnexeContract,proiect_id,STRING,NO,3
AnexeContract,anexa_numar,INT64,NO,4
AnexeContract,etapa_index,INT64,NO,5
AnexeContract,denumire,STRING,NO,6
AnexeContract,valoare,NUMERIC,NO,7
AnexeContract,moneda,STRING,NO,8
AnexeContract,valoare_ron,NUMERIC,NO,9
AnexeContract,termen_zile,INT64,NO,10
AnexeContract,subproiect_id,STRING,YES,11
AnexeContract,status_facturare,STRING,NO,12
AnexeContract,status_incasare,STRING,NO,13
AnexeContract,factura_id,STRING,YES,14
AnexeContract,data_facturare,DATE,YES,15
AnexeContract,data_incasare,DATE,YES,16
AnexeContract,data_scadenta,DATE,YES,17
AnexeContract,curs_valutar,NUMERIC,YES,18
AnexeContract,data_curs_valutar,DATE,YES,19
AnexeContract,procent_din_total,NUMERIC,YES,20
AnexeContract,data_start,DATE,YES,21
AnexeContract,data_final,DATE,YES,22
AnexeContract,observatii,STRING,YES,23
AnexeContract,activ,BOOL,NO,24
AnexeContract,data_creare,TIMESTAMP,NO,25
AnexeContract,data_actualizare,TIMESTAMP,YES,26
AnexeContract,status,STRING,YES,27
AnexeContract_v2,ID_Anexa,STRING,NO,1
AnexeContract_v2,contract_id,STRING,NO,2
AnexeContract_v2,proiect_id,STRING,NO,3
AnexeContract_v2,anexa_numar,INT64,NO,4
AnexeContract_v2,etapa_index,INT64,NO,5
AnexeContract_v2,denumire,STRING,NO,6
AnexeContract_v2,valoare,NUMERIC,NO,7
AnexeContract_v2,moneda,STRING,NO,8
AnexeContract_v2,valoare_ron,NUMERIC,NO,9
AnexeContract_v2,termen_zile,INT64,NO,10
AnexeContract_v2,subproiect_id,STRING,YES,11
AnexeContract_v2,status_facturare,STRING,NO,12
AnexeContract_v2,status_incasare,STRING,NO,13
AnexeContract_v2,factura_id,STRING,YES,14
AnexeContract_v2,data_facturare,DATE,YES,15
AnexeContract_v2,data_incasare,DATE,YES,16
AnexeContract_v2,data_scadenta,DATE,YES,17
AnexeContract_v2,curs_valutar,NUMERIC,YES,18
AnexeContract_v2,data_curs_valutar,DATE,YES,19
AnexeContract_v2,procent_din_total,NUMERIC,YES,20
AnexeContract_v2,data_start,DATE,YES,21
AnexeContract_v2,data_final,DATE,YES,22
AnexeContract_v2,observatii,STRING,YES,23
AnexeContract_v2,activ,BOOL,NO,24
AnexeContract_v2,data_creare,TIMESTAMP,NO,25
AnexeContract_v2,data_actualizare,TIMESTAMP,YES,26
AnexeContract_v2,status,STRING,YES,27
Clienti,id,STRING,NO,1
Clienti,nume,STRING,NO,2
Clienti,tip_client,STRING,NO,3
Clienti,cui,STRING,YES,4
Clienti,nr_reg_com,STRING,YES,5
Clienti,adresa,STRING,YES,6
Clienti,judet,STRING,YES,7
Clienti,oras,STRING,YES,8
Clienti,cod_postal,STRING,YES,9
Clienti,tara,STRING,YES,10
Clienti,telefon,STRING,YES,11
Clienti,email,STRING,YES,12
Clienti,banca,STRING,YES,13
Clienti,iban,STRING,YES,14
Clienti,cnp,STRING,YES,15
Clienti,ci_serie,STRING,YES,16
Clienti,ci_numar,STRING,YES,17
Clienti,ci_eliberata_de,STRING,YES,18
Clienti,ci_eliberata_la,DATE,YES,19
Clienti,data_creare,TIMESTAMP,YES,20
Clienti,data_actualizare,TIMESTAMP,YES,21
Clienti,activ,BOOL,YES,22
Clienti,observatii,STRING,YES,23
Clienti,id_factureaza,STRING,YES,24
Clienti,data_ultima_sincronizare,TIMESTAMP,YES,26
Clienti_v2,id,STRING,NO,1
Clienti_v2,nume,STRING,NO,2
Clienti_v2,tip_client,STRING,NO,3
Clienti_v2,cui,STRING,YES,4
Clienti_v2,nr_reg_com,STRING,YES,5
Clienti_v2,adresa,STRING,YES,6
Clienti_v2,judet,STRING,YES,7
Clienti_v2,oras,STRING,YES,8
Clienti_v2,cod_postal,STRING,YES,9
Clienti_v2,tara,STRING,YES,10
Clienti_v2,telefon,STRING,YES,11
Clienti_v2,email,STRING,YES,12
Clienti_v2,banca,STRING,YES,13
Clienti_v2,iban,STRING,YES,14
Clienti_v2,cnp,STRING,YES,15
Clienti_v2,ci_serie,STRING,YES,16
Clienti_v2,ci_numar,STRING,YES,17
Clienti_v2,ci_eliberata_de,STRING,YES,18
Clienti_v2,ci_eliberata_la,DATE,YES,19
Clienti_v2,data_creare,TIMESTAMP,YES,20
Clienti_v2,data_actualizare,TIMESTAMP,YES,21
Clienti_v2,activ,BOOL,YES,22
Clienti_v2,observatii,STRING,YES,23
Clienti_v2,id_factureaza,STRING,YES,24
Clienti_v2,data_ultima_sincronizare,TIMESTAMP,YES,25
Contracte,ID_Contract,STRING,NO,1
Contracte,numar_contract,STRING,NO,2
Contracte,serie_contract,STRING,NO,3
Contracte,tip_document,STRING,NO,4
Contracte,proiect_id,STRING,NO,5
Contracte,client_id,STRING,YES,6
Contracte,client_nume,STRING,NO,7
Contracte,Denumire_Contract,STRING,NO,8
Contracte,Data_Semnare,DATE,YES,9
Contracte,Data_Expirare,DATE,YES,10
Contracte,Status,STRING,NO,11
Contracte,Valoare,"NUMERIC(15, 2)",YES,12
Contracte,Moneda,STRING,NO,13
Contracte,curs_valutar,"NUMERIC(10, 4)",YES,14
Contracte,data_curs_valutar,DATE,YES,15
Contracte,valoare_ron,"NUMERIC(15, 2)",YES,16
Contracte,etape,JSON,YES,17
Contracte,articole_suplimentare,JSON,YES,18
Contracte,sablon_id,STRING,YES,19
Contracte,sablon_nume,STRING,YES,20
Contracte,data_creare,TIMESTAMP,NO,21
Contracte,data_actualizare,TIMESTAMP,NO,22
Contracte,creat_de,STRING,YES,23
Contracte,actualizat_de,STRING,YES,24
Contracte,continut_json,JSON,YES,25
Contracte,path_fisier,STRING,YES,26
Contracte,hash_continut,STRING,YES,27
Contracte,Observatii,STRING,YES,28
Contracte,note_interne,STRING,YES,29
Contracte,versiune,INT64,YES,30
Contracte,contract_parinte,STRING,YES,31
Contracte_v2,ID_Contract,STRING,NO,1
Contracte_v2,numar_contract,STRING,NO,2
Contracte_v2,serie_contract,STRING,NO,3
Contracte_v2,tip_document,STRING,NO,4
Contracte_v2,proiect_id,STRING,NO,5
Contracte_v2,client_id,STRING,YES,6
Contracte_v2,client_nume,STRING,NO,7
Contracte_v2,Denumire_Contract,STRING,NO,8
Contracte_v2,Data_Semnare,DATE,YES,9
Contracte_v2,Data_Expirare,DATE,YES,10
Contracte_v2,Status,STRING,NO,11
Contracte_v2,Valoare,"NUMERIC(15, 2)",YES,12
Contracte_v2,Moneda,STRING,NO,13
Contracte_v2,curs_valutar,"NUMERIC(10, 4)",YES,14
Contracte_v2,data_curs_valutar,DATE,YES,15
Contracte_v2,valoare_ron,"NUMERIC(15, 2)",YES,16
Contracte_v2,etape,JSON,YES,17
Contracte_v2,articole_suplimentare,JSON,YES,18
Contracte_v2,sablon_id,STRING,YES,19
Contracte_v2,sablon_nume,STRING,YES,20
Contracte_v2,data_creare,TIMESTAMP,NO,21
Contracte_v2,data_actualizare,TIMESTAMP,NO,22
Contracte_v2,creat_de,STRING,YES,23
Contracte_v2,actualizat_de,STRING,YES,24
Contracte_v2,continut_json,JSON,YES,25
Contracte_v2,path_fisier,STRING,YES,26
Contracte_v2,hash_continut,STRING,YES,27
Contracte_v2,Observatii,STRING,YES,28
Contracte_v2,note_interne,STRING,YES,29
Contracte_v2,versiune,INT64,YES,30
Contracte_v2,contract_parinte,STRING,YES,31
CursuriValutare,data,DATE,YES,1
CursuriValutare,moneda,STRING,YES,2
CursuriValutare,curs,FLOAT64,YES,3
CursuriValutare,sursa,STRING,YES,4
CursuriValutare,precizie_originala,FLOAT64,YES,5
CursuriValutare,data_creare,TIMESTAMP,YES,6
CursuriValutare,data_actualizare,TIMESTAMP,YES,7
CursuriValutare,observatii,STRING,YES,8
CursuriValutare,validat,BOOL,YES,9
CursuriValutare,multiplicator,INT64,YES,10
CursuriValutare_v2,data,DATE,YES,1
CursuriValutare_v2,moneda,STRING,YES,2
CursuriValutare_v2,curs,FLOAT64,YES,3
CursuriValutare_v2,sursa,STRING,YES,4
CursuriValutare_v2,precizie_originala,FLOAT64,YES,5
CursuriValutare_v2,data_creare,TIMESTAMP,YES,6
CursuriValutare_v2,data_actualizare,TIMESTAMP,YES,7
CursuriValutare_v2,observatii,STRING,YES,8
CursuriValutare_v2,validat,BOOL,YES,9
CursuriValutare_v2,multiplicator,INT64,YES,10
EtapeContract,ID_Etapa,STRING,NO,1
EtapeContract,contract_id,STRING,NO,2
EtapeContract,etapa_index,INT64,NO,3
EtapeContract,denumire,STRING,NO,4
EtapeContract,valoare,"NUMERIC(15, 2)",NO,5
EtapeContract,moneda,STRING,NO,6
EtapeContract,valoare_ron,"NUMERIC(15, 2)",NO,7
EtapeContract,termen_zile,INT64,YES,8
EtapeContract,subproiect_id,STRING,YES,9
EtapeContract,factura_id,STRING,YES,10
EtapeContract,status_facturare,STRING,YES,11
EtapeContract,status_incasare,STRING,YES,12
EtapeContract,data_scadenta,DATE,YES,13
EtapeContract,data_facturare,DATE,YES,14
EtapeContract,data_incasare,DATE,YES,15
EtapeContract,data_creare,TIMESTAMP,YES,16
EtapeContract,data_actualizare,TIMESTAMP,YES,17
EtapeContract,activ,BOOL,YES,18
EtapeContract,curs_valutar,"NUMERIC(10, 4)",YES,19
EtapeContract,data_curs_valutar,DATE,YES,20
EtapeContract,procent_din_total,"NUMERIC(5, 2)",YES,21
EtapeContract,observatii,STRING,YES,22
EtapeContract,proiect_id,STRING,YES,23
EtapeContract_v2,ID_Etapa,STRING,NO,1
EtapeContract_v2,contract_id,STRING,NO,2
EtapeContract_v2,etapa_index,INT64,NO,3
EtapeContract_v2,denumire,STRING,NO,4
EtapeContract_v2,valoare,"NUMERIC(15, 2)",NO,5
EtapeContract_v2,moneda,STRING,NO,6
EtapeContract_v2,valoare_ron,"NUMERIC(15, 2)",NO,7
EtapeContract_v2,termen_zile,INT64,YES,8
EtapeContract_v2,subproiect_id,STRING,YES,9
EtapeContract_v2,factura_id,STRING,YES,10
EtapeContract_v2,status_facturare,STRING,YES,11
EtapeContract_v2,status_incasare,STRING,YES,12
EtapeContract_v2,data_scadenta,DATE,YES,13
EtapeContract_v2,data_facturare,DATE,YES,14
EtapeContract_v2,data_incasare,DATE,YES,15
EtapeContract_v2,data_creare,TIMESTAMP,YES,16
EtapeContract_v2,data_actualizare,TIMESTAMP,YES,17
EtapeContract_v2,activ,BOOL,YES,18
EtapeContract_v2,curs_valutar,"NUMERIC(10, 4)",YES,19
EtapeContract_v2,data_curs_valutar,DATE,YES,20
EtapeContract_v2,procent_din_total,"NUMERIC(5, 2)",YES,21
EtapeContract_v2,observatii,STRING,YES,22
EtapeContract_v2,proiect_id,STRING,YES,23
EtapeFacturi,id,STRING,NO,1
EtapeFacturi,proiect_id,STRING,NO,2
EtapeFacturi,etapa_id,STRING,YES,3
EtapeFacturi,anexa_id,STRING,YES,4
EtapeFacturi,tip_etapa,STRING,NO,5
EtapeFacturi,subproiect_id,STRING,YES,6
EtapeFacturi,factura_id,STRING,NO,7
EtapeFacturi,valoare,"NUMERIC(15, 2)",NO,8
EtapeFacturi,moneda,STRING,NO,9
EtapeFacturi,valoare_ron,"NUMERIC(15, 2)",NO,10
EtapeFacturi,curs_valutar,"NUMERIC(10, 4)",YES,11
EtapeFacturi,data_curs_valutar,DATE,YES,12
EtapeFacturi,procent_din_etapa,"NUMERIC(5, 2)",YES,13
EtapeFacturi,data_facturare,DATE,NO,14
EtapeFacturi,status_incasare,STRING,NO,15
EtapeFacturi,data_incasare,DATE,YES,16
EtapeFacturi,valoare_incasata,"NUMERIC(15, 2)",YES,17
EtapeFacturi,observatii,STRING,YES,18
EtapeFacturi,activ,BOOL,NO,19
EtapeFacturi,data_creare,TIMESTAMP,NO,20
EtapeFacturi,data_actualizare,TIMESTAMP,YES,21
EtapeFacturi,creat_de,STRING,YES,22
EtapeFacturi,actualizat_de,STRING,YES,23
EtapeFacturi,versiune,INT64,NO,24
EtapeFacturi_v2,id,STRING,NO,1
EtapeFacturi_v2,proiect_id,STRING,NO,2
EtapeFacturi_v2,etapa_id,STRING,YES,3
EtapeFacturi_v2,anexa_id,STRING,YES,4
EtapeFacturi_v2,tip_etapa,STRING,NO,5
EtapeFacturi_v2,subproiect_id,STRING,YES,6
EtapeFacturi_v2,factura_id,STRING,NO,7
EtapeFacturi_v2,valoare,"NUMERIC(15, 2)",NO,8
EtapeFacturi_v2,moneda,STRING,NO,9
EtapeFacturi_v2,valoare_ron,"NUMERIC(15, 2)",NO,10
EtapeFacturi_v2,curs_valutar,"NUMERIC(10, 4)",YES,11
EtapeFacturi_v2,data_curs_valutar,DATE,YES,12
EtapeFacturi_v2,procent_din_etapa,"NUMERIC(5, 2)",YES,13
EtapeFacturi_v2,data_facturare,DATE,NO,14
EtapeFacturi_v2,status_incasare,STRING,NO,15
EtapeFacturi_v2,data_incasare,DATE,YES,16
EtapeFacturi_v2,valoare_incasata,"NUMERIC(15, 2)",YES,17
EtapeFacturi_v2,observatii,STRING,YES,18
EtapeFacturi_v2,activ,BOOL,NO,19
EtapeFacturi_v2,data_creare,TIMESTAMP,NO,20
EtapeFacturi_v2,data_actualizare,TIMESTAMP,YES,21
EtapeFacturi_v2,creat_de,STRING,YES,22
EtapeFacturi_v2,actualizat_de,STRING,YES,23
EtapeFacturi_v2,versiune,INT64,NO,24
FacturiGenerate,id,STRING,NO,1
FacturiGenerate,proiect_id,STRING,YES,2
FacturiGenerate,serie,STRING,YES,3
FacturiGenerate,numar,STRING,YES,4
FacturiGenerate,data_factura,DATE,YES,5
FacturiGenerate,data_scadenta,DATE,YES,6
FacturiGenerate,id_factura_externa,STRING,YES,7
FacturiGenerate,url_publica,STRING,YES,8
FacturiGenerate,url_download,STRING,YES,9
FacturiGenerate,client_id,STRING,YES,10
FacturiGenerate,client_nume,STRING,YES,11
FacturiGenerate,client_cui,STRING,YES,12
FacturiGenerate,subtotal,"NUMERIC(10, 2)",YES,13
FacturiGenerate,total_tva,"NUMERIC(10, 2)",YES,14
FacturiGenerate,total,"NUMERIC(10, 2)",YES,15
FacturiGenerate,valoare_platita,"NUMERIC(10, 2)",YES,16
FacturiGenerate,status,STRING,YES,17
FacturiGenerate,data_trimitere,TIMESTAMP,YES,18
FacturiGenerate,data_plata,TIMESTAMP,YES,19
FacturiGenerate,date_complete_json,STRING,YES,20
FacturiGenerate,data_creare,TIMESTAMP,YES,21
FacturiGenerate,data_actualizare,TIMESTAMP,YES,22
FacturiGenerate,efactura_enabled,BOOL,YES,23
FacturiGenerate,efactura_status,STRING,YES,24
FacturiGenerate,anaf_upload_id,STRING,YES,25
FacturiGenerate_v2,id,STRING,NO,1
FacturiGenerate_v2,proiect_id,STRING,YES,2
FacturiGenerate_v2,serie,STRING,YES,3
FacturiGenerate_v2,numar,STRING,YES,4
FacturiGenerate_v2,data_factura,DATE,YES,5
FacturiGenerate_v2,data_scadenta,DATE,YES,6
FacturiGenerate_v2,id_factura_externa,STRING,YES,7
FacturiGenerate_v2,url_publica,STRING,YES,8
FacturiGenerate_v2,url_download,STRING,YES,9
FacturiGenerate_v2,client_id,STRING,YES,10
FacturiGenerate_v2,client_nume,STRING,YES,11
FacturiGenerate_v2,client_cui,STRING,YES,12
FacturiGenerate_v2,subtotal,"NUMERIC(10, 2)",YES,13
FacturiGenerate_v2,total_tva,"NUMERIC(10, 2)",YES,14
FacturiGenerate_v2,total,"NUMERIC(10, 2)",YES,15
FacturiGenerate_v2,valoare_platita,"NUMERIC(10, 2)",YES,16
FacturiGenerate_v2,status,STRING,YES,17
FacturiGenerate_v2,data_trimitere,TIMESTAMP,YES,18
FacturiGenerate_v2,data_plata,TIMESTAMP,YES,19
FacturiGenerate_v2,date_complete_json,STRING,YES,20
FacturiGenerate_v2,data_creare,TIMESTAMP,YES,21
FacturiGenerate_v2,data_actualizare,TIMESTAMP,YES,22
FacturiGenerate_v2,efactura_enabled,BOOL,YES,23
FacturiGenerate_v2,efactura_status,STRING,YES,24
FacturiGenerate_v2,anaf_upload_id,STRING,YES,25
FacturiPrimite,ID_Factura,STRING,YES,1
FacturiPrimite,Furnizor,STRING,YES,2
FacturiPrimite,CUI_Furnizor,STRING,YES,3
FacturiPrimite,Data_Emitere,DATE,YES,4
FacturiPrimite,Data_Scadenta,DATE,YES,5
FacturiPrimite,Valoare_Fara_TVA,NUMERIC,YES,6
FacturiPrimite,TVA,NUMERIC,YES,7
FacturiPrimite,Total,NUMERIC,YES,8
FacturiPrimite,Status_Plata,STRING,YES,9
FacturiPrimite,Proiect,STRING,YES,10
FacturiPrimite_v2,ID_Factura,STRING,YES,1
FacturiPrimite_v2,Furnizor,STRING,YES,2
FacturiPrimite_v2,CUI_Furnizor,STRING,YES,3
FacturiPrimite_v2,Data_Emitere,DATE,YES,4
FacturiPrimite_v2,Data_Scadenta,DATE,YES,5
FacturiPrimite_v2,Valoare_Fara_TVA,NUMERIC,YES,6
FacturiPrimite_v2,TVA,NUMERIC,YES,7
FacturiPrimite_v2,Total,NUMERIC,YES,8
FacturiPrimite_v2,Status_Plata,STRING,YES,9
FacturiPrimite_v2,Proiect,STRING,YES,10
MatchingSummary,target_type,STRING,YES,1
MatchingSummary,total_matches,INT64,YES,2
MatchingSummary,avg_confidence,NUMERIC,YES,3
MatchingSummary,total_suma,NUMERIC,YES,4
MatchingSummary,perfect_matches,INT64,YES,5
MatchingSummary,problematic_matches,INT64,YES,6
PlanificatorPersonal,id,STRING,NO,1
PlanificatorPersonal,utilizator_uid,STRING,NO,2
PlanificatorPersonal,tip_item,STRING,NO,3
PlanificatorPersonal,item_id,STRING,NO,4
PlanificatorPersonal,ordine_pozitie,INT64,NO,5
PlanificatorPersonal,comentariu_personal,STRING,YES,6
PlanificatorPersonal,is_pinned,BOOL,YES,7
PlanificatorPersonal,data_adaugare,TIMESTAMP,YES,8
PlanificatorPersonal,data_actualizare,TIMESTAMP,YES,9
PlanificatorPersonal,activ,BOOL,YES,10
PlanificatorPersonal,reminder_enabled,BOOL,YES,11
PlanificatorPersonal,reminder_days_before,INT64,YES,12
PlanificatorPersonal,last_notification_sent,TIMESTAMP,YES,13
PlanificatorPersonal_v2,id,STRING,NO,1
PlanificatorPersonal_v2,utilizator_uid,STRING,NO,2
PlanificatorPersonal_v2,tip_item,STRING,NO,3
PlanificatorPersonal_v2,item_id,STRING,NO,4
PlanificatorPersonal_v2,ordine_pozitie,INT64,NO,5
PlanificatorPersonal_v2,comentariu_personal,STRING,YES,6
PlanificatorPersonal_v2,is_pinned,BOOL,YES,7
PlanificatorPersonal_v2,data_adaugare,TIMESTAMP,YES,8
PlanificatorPersonal_v2,data_actualizare,TIMESTAMP,YES,9
PlanificatorPersonal_v2,activ,BOOL,YES,10
PlanificatorPersonal_v2,reminder_enabled,BOOL,YES,11
PlanificatorPersonal_v2,reminder_days_before,INT64,YES,12
PlanificatorPersonal_v2,last_notification_sent,TIMESTAMP,YES,13
ProcesVerbale,ID_PV,STRING,NO,1
ProcesVerbale,numar_pv,STRING,NO,2
ProcesVerbale,serie_pv,STRING,NO,3
ProcesVerbale,tip_document,STRING,NO,4
ProcesVerbale,proiect_id,STRING,NO,5
ProcesVerbale,subproiecte_ids,JSON,YES,6
ProcesVerbale,client_id,STRING,YES,7
ProcesVerbale,client_nume,STRING,NO,8
ProcesVerbale,denumire_pv,STRING,NO,9
ProcesVerbale,data_predare,DATE,NO,10
ProcesVerbale,status_predare,STRING,NO,11
ProcesVerbale,valoare_totala,NUMERIC,YES,12
ProcesVerbale,moneda,STRING,YES,13
ProcesVerbale,curs_valutar,NUMERIC,YES,14
ProcesVerbale,data_curs_valutar,DATE,YES,15
ProcesVerbale,valoare_ron,NUMERIC,YES,16
ProcesVerbale,path_fisier,STRING,YES,17
ProcesVerbale,hash_continut,STRING,YES,18
ProcesVerbale,observatii,STRING,YES,19
ProcesVerbale,note_interne,STRING,YES,20
ProcesVerbale,data_creare,TIMESTAMP,NO,21
ProcesVerbale,data_actualizare,TIMESTAMP,NO,22
ProcesVerbale,creat_de,STRING,YES,23
ProcesVerbale,actualizat_de,STRING,YES,24
ProcesVerbale,activ,BOOL,NO,25
ProcesVerbale,versiune,INT64,NO,26
ProcesVerbale_v2,ID_PV,STRING,NO,1
ProcesVerbale_v2,numar_pv,STRING,NO,2
ProcesVerbale_v2,serie_pv,STRING,NO,3
ProcesVerbale_v2,tip_document,STRING,NO,4
ProcesVerbale_v2,proiect_id,STRING,NO,5
ProcesVerbale_v2,subproiecte_ids,JSON,YES,6
ProcesVerbale_v2,client_id,STRING,YES,7
ProcesVerbale_v2,client_nume,STRING,NO,8
ProcesVerbale_v2,denumire_pv,STRING,NO,9
ProcesVerbale_v2,data_predare,DATE,NO,10
ProcesVerbale_v2,status_predare,STRING,NO,11
ProcesVerbale_v2,valoare_totala,NUMERIC,YES,12
ProcesVerbale_v2,moneda,STRING,YES,13
ProcesVerbale_v2,curs_valutar,NUMERIC,YES,14
ProcesVerbale_v2,data_curs_valutar,DATE,YES,15
ProcesVerbale_v2,valoare_ron,NUMERIC,YES,16
ProcesVerbale_v2,path_fisier,STRING,YES,17
ProcesVerbale_v2,hash_continut,STRING,YES,18
ProcesVerbale_v2,observatii,STRING,YES,19
ProcesVerbale_v2,note_interne,STRING,YES,20
ProcesVerbale_v2,data_creare,TIMESTAMP,NO,21
ProcesVerbale_v2,data_actualizare,TIMESTAMP,NO,22
ProcesVerbale_v2,creat_de,STRING,YES,23
ProcesVerbale_v2,actualizat_de,STRING,YES,24
ProcesVerbale_v2,activ,BOOL,NO,25
ProcesVerbale_v2,versiune,INT64,NO,26
Produse,id,STRING,NO,1
Produse,nume,STRING,NO,2
Produse,descriere,STRING,YES,3
Produse,pret_unitar,"NUMERIC(10, 2)",YES,4
Produse,um,STRING,YES,5
Produse,cota_tva,"NUMERIC(5, 2)",YES,6
Produse,categorie,STRING,YES,7
Produse,tip_produs,STRING,YES,8
Produse,data_creare,TIMESTAMP,YES,9
Produse,activ,BOOL,YES,10
Produse_v2,id,STRING,NO,1
Produse_v2,nume,STRING,NO,2
Produse_v2,descriere,STRING,YES,3
Produse_v2,pret_unitar,"NUMERIC(10, 2)",YES,4
Produse_v2,um,STRING,YES,5
Produse_v2,cota_tva,"NUMERIC(5, 2)",YES,6
Produse_v2,categorie,STRING,YES,7
Produse_v2,tip_produs,STRING,YES,8
Produse_v2,data_creare,TIMESTAMP,YES,9
Produse_v2,activ,BOOL,YES,10
ProiectComentarii,id,STRING,NO,1
ProiectComentarii,proiect_id,STRING,NO,2
ProiectComentarii,tip_proiect,STRING,NO,3
ProiectComentarii,autor_uid,STRING,NO,4
ProiectComentarii,autor_nume,STRING,NO,5
ProiectComentarii,comentariu,STRING,NO,6
ProiectComentarii,data_comentariu,TIMESTAMP,YES,7
ProiectComentarii,tip_comentariu,STRING,YES,8
ProiectComentarii_v2,id,STRING,NO,1
ProiectComentarii_v2,proiect_id,STRING,NO,2
ProiectComentarii_v2,tip_proiect,STRING,NO,3
ProiectComentarii_v2,autor_uid,STRING,NO,4
ProiectComentarii_v2,autor_nume,STRING,NO,5
ProiectComentarii_v2,comentariu,STRING,NO,6
ProiectComentarii_v2,data_comentariu,TIMESTAMP,YES,7
ProiectComentarii_v2,tip_comentariu,STRING,YES,8
Proiecte,ID_Proiect,STRING,YES,1
Proiecte,Denumire,STRING,YES,2
Proiecte,Client,STRING,YES,3
Proiecte,Data_Start,DATE,YES,4
Proiecte,Data_Final,DATE,YES,5
Proiecte,Status,STRING,YES,6
Proiecte,Valoare_Estimata,NUMERIC,YES,7
Proiecte,Adresa,STRING,YES,8
Proiecte,Descriere,STRING,YES,9
Proiecte,Responsabil,STRING,YES,10
Proiecte,Observatii,STRING,YES,11
Proiecte,moneda,STRING,YES,12
Proiecte,status_predare,STRING,YES,13
Proiecte,status_contract,STRING,YES,14
Proiecte,status_facturare,STRING,YES,15
Proiecte,status_achitare,STRING,YES,16
Proiecte,curs_valutar,"NUMERIC(10, 4)",YES,17
Proiecte,data_curs_valutar,DATE,YES,18
Proiecte,valoare_ron,"NUMERIC(15, 2)",YES,19
ProiecteCheltuieli,id,STRING,NO,1
ProiecteCheltuieli,proiect_id,STRING,NO,2
ProiecteCheltuieli,subproiect_id,STRING,YES,3
ProiecteCheltuieli,tip_cheltuiala,STRING,NO,4
ProiecteCheltuieli,furnizor_nume,STRING,NO,5
ProiecteCheltuieli,furnizor_cui,STRING,YES,6
ProiecteCheltuieli,furnizor_contact,STRING,YES,7
ProiecteCheltuieli,descriere,STRING,NO,8
ProiecteCheltuieli,valoare,"NUMERIC(15, 2)",NO,9
ProiecteCheltuieli,moneda,STRING,NO,10
ProiecteCheltuieli,curs_valutar,"NUMERIC(10, 4)",YES,11
ProiecteCheltuieli,data_curs_valutar,DATE,YES,12
ProiecteCheltuieli,valoare_ron,"NUMERIC(15, 2)",YES,13
ProiecteCheltuieli,status_predare,STRING,YES,14
ProiecteCheltuieli,status_contract,STRING,YES,15
ProiecteCheltuieli,status_facturare,STRING,YES,16
ProiecteCheltuieli,status_achitare,STRING,YES,17
ProiecteCheltuieli,nr_factura_furnizor,STRING,YES,18
ProiecteCheltuieli,data_factura_furnizor,DATE,YES,19
ProiecteCheltuieli,nr_contract_furnizor,STRING,YES,20
ProiecteCheltuieli,data_contract_furnizor,DATE,YES,21
ProiecteCheltuieli,data_creare,TIMESTAMP,NO,22
ProiecteCheltuieli,data_actualizare,TIMESTAMP,NO,23
ProiecteCheltuieli,activ,BOOL,NO,24
ProiecteCheltuieli,observatii,STRING,YES,25
ProiecteCheltuieli_v2,id,STRING,NO,1
ProiecteCheltuieli_v2,proiect_id,STRING,NO,2
ProiecteCheltuieli_v2,subproiect_id,STRING,YES,3
ProiecteCheltuieli_v2,tip_cheltuiala,STRING,NO,4
ProiecteCheltuieli_v2,furnizor_nume,STRING,NO,5
ProiecteCheltuieli_v2,furnizor_cui,STRING,YES,6
ProiecteCheltuieli_v2,furnizor_contact,STRING,YES,7
ProiecteCheltuieli_v2,descriere,STRING,NO,8
ProiecteCheltuieli_v2,valoare,"NUMERIC(15, 2)",NO,9
ProiecteCheltuieli_v2,moneda,STRING,NO,10
ProiecteCheltuieli_v2,curs_valutar,"NUMERIC(10, 4)",YES,11
ProiecteCheltuieli_v2,data_curs_valutar,DATE,YES,12
ProiecteCheltuieli_v2,valoare_ron,"NUMERIC(15, 2)",YES,13
ProiecteCheltuieli_v2,status_predare,STRING,YES,14
ProiecteCheltuieli_v2,status_contract,STRING,YES,15
ProiecteCheltuieli_v2,status_facturare,STRING,YES,16
ProiecteCheltuieli_v2,status_achitare,STRING,YES,17
ProiecteCheltuieli_v2,nr_factura_furnizor,STRING,YES,18
ProiecteCheltuieli_v2,data_factura_furnizor,DATE,YES,19
ProiecteCheltuieli_v2,nr_contract_furnizor,STRING,YES,20
ProiecteCheltuieli_v2,data_contract_furnizor,DATE,YES,21
ProiecteCheltuieli_v2,data_creare,TIMESTAMP,NO,22
ProiecteCheltuieli_v2,data_actualizare,TIMESTAMP,NO,23
ProiecteCheltuieli_v2,activ,BOOL,NO,24
ProiecteCheltuieli_v2,observatii,STRING,YES,25
ProiecteResponsabili,id,STRING,NO,1
ProiecteResponsabili,proiect_id,STRING,NO,2
ProiecteResponsabili,responsabil_uid,STRING,NO,3
ProiecteResponsabili,responsabil_nume,STRING,NO,4
ProiecteResponsabili,rol_in_proiect,STRING,YES,5
ProiecteResponsabili,data_atribuire,TIMESTAMP,YES,6
ProiecteResponsabili,atribuit_de,STRING,YES,7
ProiecteResponsabili_v2,id,STRING,NO,1
ProiecteResponsabili_v2,proiect_id,STRING,NO,2
ProiecteResponsabili_v2,responsabil_uid,STRING,NO,3
ProiecteResponsabili_v2,responsabil_nume,STRING,NO,4
ProiecteResponsabili_v2,rol_in_proiect,STRING,YES,5
ProiecteResponsabili_v2,data_atribuire,TIMESTAMP,YES,6
ProiecteResponsabili_v2,atribuit_de,STRING,YES,7
Proiecte_v2,ID_Proiect,STRING,YES,1
Proiecte_v2,Denumire,STRING,YES,2
Proiecte_v2,Client,STRING,YES,3
Proiecte_v2,Data_Start,DATE,YES,4
Proiecte_v2,Data_Final,DATE,YES,5
Proiecte_v2,Status,STRING,YES,6
Proiecte_v2,Valoare_Estimata,NUMERIC,YES,7
Proiecte_v2,Adresa,STRING,YES,8
Proiecte_v2,Descriere,STRING,YES,9
Proiecte_v2,Responsabil,STRING,YES,10
Proiecte_v2,Observatii,STRING,YES,11
Proiecte_v2,moneda,STRING,YES,12
Proiecte_v2,status_predare,STRING,YES,13
Proiecte_v2,status_contract,STRING,YES,14
Proiecte_v2,status_facturare,STRING,YES,15
Proiecte_v2,status_achitare,STRING,YES,16
Proiecte_v2,curs_valutar,"NUMERIC(10, 4)",YES,17
Proiecte_v2,data_curs_valutar,DATE,YES,18
Proiecte_v2,valoare_ron,"NUMERIC(15, 2)",YES,19
Proiecte_v2,progres_procent,INT64,YES,20
RaportFacturi,id,STRING,YES,1
RaportFacturi,numar_complet,STRING,YES,2
RaportFacturi,data_factura,DATE,YES,3
RaportFacturi,client_nume,STRING,YES,4
RaportFacturi,total,NUMERIC,YES,5
RaportFacturi,valoare_platita,NUMERIC,YES,6
RaportFacturi,rest_de_plata,NUMERIC,YES,7
RaportFacturi,status,STRING,YES,8
RaportFacturi,proiect_denumire,STRING,YES,9
SabloaneContracte,id,STRING,NO,1
SabloaneContracte,nume_sablon,STRING,NO,2
SabloaneContracte,tip_document,STRING,NO,3
SabloaneContracte,descriere,STRING,YES,4
SabloaneContracte,path_fisier,STRING,NO,5
SabloaneContracte,placeholder_uri,JSON,YES,6
SabloaneContracte,activ,BOOL,YES,7
SabloaneContracte,data_incarcare,TIMESTAMP,YES,8
SabloaneContracte,incarcat_de,STRING,YES,9
SabloaneContracte,versiune,INT64,YES,10
Sarcini,id,STRING,NO,1
Sarcini,proiect_id,STRING,NO,2
Sarcini,tip_proiect,STRING,NO,3
Sarcini,titlu,STRING,NO,4
Sarcini,descriere,STRING,YES,5
Sarcini,prioritate,STRING,YES,6
Sarcini,status,STRING,YES,7
Sarcini,data_creare,TIMESTAMP,YES,8
Sarcini,data_scadenta,DATE,YES,9
Sarcini,data_finalizare,TIMESTAMP,YES,10
Sarcini,observatii,STRING,YES,11
Sarcini,created_by,STRING,YES,12
Sarcini,updated_at,TIMESTAMP,YES,13
Sarcini,timp_estimat_zile,INT64,YES,14
Sarcini,timp_estimat_ore,NUMERIC,YES,15
Sarcini,timp_estimat_total_ore,NUMERIC,YES,16
Sarcini,progres_procent,INT64,YES,17
Sarcini,progres_descriere,STRING,YES,18
Sarcini,subproiect_id,STRING,YES,19
SarciniResponsabili,id,STRING,NO,1
SarciniResponsabili,sarcina_id,STRING,NO,2
SarciniResponsabili,responsabil_uid,STRING,NO,3
SarciniResponsabili,responsabil_nume,STRING,NO,4
SarciniResponsabili,rol_in_sarcina,STRING,YES,5
SarciniResponsabili,data_atribuire,TIMESTAMP,YES,6
SarciniResponsabili,atribuit_de,STRING,YES,7
SarciniResponsabili_v2,id,STRING,NO,1
SarciniResponsabili_v2,sarcina_id,STRING,NO,2
SarciniResponsabili_v2,responsabil_uid,STRING,NO,3
SarciniResponsabili_v2,responsabil_nume,STRING,NO,4
SarciniResponsabili_v2,rol_in_sarcina,STRING,YES,5
SarciniResponsabili_v2,data_atribuire,TIMESTAMP,YES,6
SarciniResponsabili_v2,atribuit_de,STRING,YES,7
Sarcini_v2,id,STRING,NO,1
Sarcini_v2,proiect_id,STRING,NO,2
Sarcini_v2,tip_proiect,STRING,NO,3
Sarcini_v2,titlu,STRING,NO,4
Sarcini_v2,descriere,STRING,YES,5
Sarcini_v2,prioritate,STRING,YES,6
Sarcini_v2,status,STRING,YES,7
Sarcini_v2,data_creare,TIMESTAMP,YES,8
Sarcini_v2,data_scadenta,DATE,YES,9
Sarcini_v2,data_finalizare,TIMESTAMP,YES,10
Sarcini_v2,observatii,STRING,YES,11
Sarcini_v2,created_by,STRING,YES,12
Sarcini_v2,updated_at,TIMESTAMP,YES,13
Sarcini_v2,timp_estimat_zile,INT64,YES,14
Sarcini_v2,timp_estimat_ore,NUMERIC,YES,15
Sarcini_v2,timp_estimat_total_ore,NUMERIC,YES,16
Sarcini_v2,progres_procent,INT64,YES,17
Sarcini_v2,progres_descriere,STRING,YES,18
Sarcini_v2,subproiect_id,STRING,YES,19
SesiuniLucru,id,STRING,NO,1
SesiuniLucru,utilizator_uid,STRING,NO,2
SesiuniLucru,proiect_id,STRING,NO,3
SesiuniLucru,data_start,TIMESTAMP,NO,4
SesiuniLucru,data_stop,TIMESTAMP,YES,5
SesiuniLucru,ore_lucrate,NUMERIC,YES,6
SesiuniLucru,descriere_activitate,STRING,YES,7
SesiuniLucru,status,STRING,YES,8
SesiuniLucru,created_at,TIMESTAMP,YES,9
SesiuniLucru_v2,id,STRING,NO,1
SesiuniLucru_v2,utilizator_uid,STRING,NO,2
SesiuniLucru_v2,proiect_id,STRING,NO,3
SesiuniLucru_v2,data_start,TIMESTAMP,NO,4
SesiuniLucru_v2,data_stop,TIMESTAMP,YES,5
SesiuniLucru_v2,ore_lucrate,NUMERIC,YES,6
SesiuniLucru_v2,descriere_activitate,STRING,YES,7
SesiuniLucru_v2,status,STRING,YES,8
SesiuniLucru_v2,created_at,TIMESTAMP,YES,9
SetariBanca,id,STRING,NO,1
SetariBanca,nume_banca,STRING,NO,2
SetariBanca,iban,STRING,NO,3
SetariBanca,cont_principal,BOOL,NO,4
SetariBanca,observatii,STRING,YES,5
SetariBanca,data_creare,TIMESTAMP,NO,6
SetariBanca,data_actualizare,TIMESTAMP,NO,7
SetariContracte,id,STRING,NO,1
SetariContracte,tip_document,STRING,NO,2
SetariContracte,serie,STRING,NO,3
SetariContracte,prefix,STRING,YES,4
SetariContracte,numar_curent,INT64,NO,5
SetariContracte,format_numerotare,STRING,NO,6
SetariContracte,separator,STRING,NO,7
SetariContracte,include_an,BOOL,YES,8
SetariContracte,include_luna,BOOL,YES,9
SetariContracte,include_proiect_id,BOOL,YES,10
SetariContracte,activ,BOOL,YES,11
SetariContracte,data_creare,TIMESTAMP,YES,12
SetariContracte,data_actualizare,TIMESTAMP,YES,13
SetariContracte_v2,id,STRING,NO,1
SetariContracte_v2,tip_document,STRING,NO,2
SetariContracte_v2,serie,STRING,NO,3
SetariContracte_v2,prefix,STRING,YES,4
SetariContracte_v2,numar_curent,INT64,NO,5
SetariContracte_v2,format_numerotare,STRING,NO,6
SetariContracte_v2,separator,STRING,NO,7
SetariContracte_v2,include_an,BOOL,NO,8
SetariContracte_v2,include_luna,BOOL,NO,9
SetariContracte_v2,include_proiect_id,BOOL,NO,10
SetariContracte_v2,activ,BOOL,NO,11
SetariContracte_v2,data_creare,TIMESTAMP,NO,12
SetariContracte_v2,data_actualizare,TIMESTAMP,NO,13
SetariFacturare,id,STRING,NO,1
SetariFacturare,serie_facturi,STRING,NO,2
SetariFacturare,serie_proforme,STRING,NO,3
SetariFacturare,serie_chitante,STRING,NO,4
SetariFacturare,serie_contracte,STRING,NO,5
SetariFacturare,numar_curent_facturi,INT64,NO,6
SetariFacturare,numar_curent_proforme,INT64,NO,7
SetariFacturare,numar_curent_chitante,INT64,NO,8
SetariFacturare,numar_curent_contracte,INT64,NO,9
SetariFacturare,format_numerotare,STRING,NO,10
SetariFacturare,separator_numerotare,STRING,NO,11
SetariFacturare,include_an_numerotare,BOOL,NO,12
SetariFacturare,include_luna_numerotare,BOOL,NO,13
SetariFacturare,efactura_enabled,BOOL,NO,14
SetariFacturare,efactura_timp_intarziere,INT64,NO,15
SetariFacturare,efactura_mock_mode,BOOL,NO,16
SetariFacturare,efactura_auto_send,BOOL,NO,17
SetariFacturare,cota_tva_standard,INT64,NO,18
SetariFacturare,cota_tva_redusa,INT64,NO,19
SetariFacturare,valabilitate_proforme,INT64,NO,20
SetariFacturare,termen_plata_standard,INT64,NO,21
SetariFacturare,data_creare,TIMESTAMP,NO,22
SetariFacturare,data_actualizare,TIMESTAMP,NO,23
SetariFacturare_v2,id,STRING,NO,1
SetariFacturare_v2,serie_facturi,STRING,NO,2
SetariFacturare_v2,serie_proforme,STRING,NO,3
SetariFacturare_v2,serie_chitante,STRING,NO,4
SetariFacturare_v2,serie_contracte,STRING,NO,5
SetariFacturare_v2,numar_curent_facturi,INT64,NO,6
SetariFacturare_v2,numar_curent_proforme,INT64,NO,7
SetariFacturare_v2,numar_curent_chitante,INT64,NO,8
SetariFacturare_v2,numar_curent_contracte,INT64,NO,9
SetariFacturare_v2,format_numerotare,STRING,NO,10
SetariFacturare_v2,separator_numerotare,STRING,NO,11
SetariFacturare_v2,include_an_numerotare,BOOL,NO,12
SetariFacturare_v2,include_luna_numerotare,BOOL,NO,13
SetariFacturare_v2,efactura_enabled,BOOL,NO,14
SetariFacturare_v2,efactura_timp_intarziere,INT64,NO,15
SetariFacturare_v2,efactura_mock_mode,BOOL,NO,16
SetariFacturare_v2,efactura_auto_send,BOOL,NO,17
SetariFacturare_v2,cota_tva_standard,INT64,NO,18
SetariFacturare_v2,cota_tva_redusa,INT64,NO,19
SetariFacturare_v2,valabilitate_proforme,INT64,NO,20
SetariFacturare_v2,termen_plata_standard,INT64,NO,21
SetariFacturare_v2,data_creare,TIMESTAMP,NO,22
SetariFacturare_v2,data_actualizare,TIMESTAMP,NO,23
SetariFirma,id,STRING,NO,1
SetariFirma,nume_firma,STRING,NO,2
SetariFirma,cui,STRING,NO,3
SetariFirma,nr_reg_com,STRING,NO,4
SetariFirma,adresa_completa,STRING,NO,5
SetariFirma,judet,STRING,YES,6
SetariFirma,oras,STRING,YES,7
SetariFirma,cod_postal,STRING,YES,8
SetariFirma,tara,STRING,NO,9
SetariFirma,telefon_principal,STRING,NO,10
SetariFirma,telefon_secundar,STRING,YES,11
SetariFirma,email_principal,STRING,NO,12
SetariFirma,email_secundar,STRING,YES,13
SetariFirma,website,STRING,YES,14
SetariFirma,capital_social,NUMERIC,YES,15
SetariFirma,tip_firma,STRING,NO,16
SetariFirma,reprezentant_legal,STRING,YES,17
SetariFirma,data_infiintare,DATE,YES,18
SetariFirma,observatii,STRING,YES,19
SetariFirma,data_creare,TIMESTAMP,NO,20
SetariFirma,data_actualizare,TIMESTAMP,NO,21
Subcontractanti,id,STRING,NO,1
Subcontractanti,nume,STRING,NO,2
Subcontractanti,tip_client,STRING,NO,3
Subcontractanti,cui,STRING,YES,4
Subcontractanti,nr_reg_com,STRING,YES,5
Subcontractanti,adresa,STRING,YES,6
Subcontractanti,judet,STRING,YES,7
Subcontractanti,oras,STRING,YES,8
Subcontractanti,cod_postal,STRING,YES,9
Subcontractanti,tara,STRING,YES,10
Subcontractanti,telefon,STRING,YES,11
Subcontractanti,email,STRING,YES,12
Subcontractanti,banca,STRING,YES,13
Subcontractanti,iban,STRING,YES,14
Subcontractanti,cnp,STRING,YES,15
Subcontractanti,ci_serie,STRING,YES,16
Subcontractanti,ci_numar,STRING,YES,17
Subcontractanti,ci_eliberata_de,STRING,YES,18
Subcontractanti,ci_eliberata_la,DATE,YES,19
Subcontractanti,data_creare,TIMESTAMP,YES,20
Subcontractanti,data_actualizare,TIMESTAMP,YES,21
Subcontractanti,activ,BOOL,YES,22
Subcontractanti,observatii,STRING,YES,23
Subcontractanti,id_factureaza,STRING,YES,24
Subcontractanti,data_ultima_sincronizare,TIMESTAMP,YES,25
Subcontractanti_v2,id,STRING,NO,1
Subcontractanti_v2,nume,STRING,NO,2
Subcontractanti_v2,tip_client,STRING,NO,3
Subcontractanti_v2,cui,STRING,YES,4
Subcontractanti_v2,nr_reg_com,STRING,YES,5
Subcontractanti_v2,adresa,STRING,YES,6
Subcontractanti_v2,judet,STRING,YES,7
Subcontractanti_v2,oras,STRING,YES,8
Subcontractanti_v2,cod_postal,STRING,YES,9
Subcontractanti_v2,tara,STRING,YES,10
Subcontractanti_v2,telefon,STRING,YES,11
Subcontractanti_v2,email,STRING,YES,12
Subcontractanti_v2,banca,STRING,YES,13
Subcontractanti_v2,iban,STRING,YES,14
Subcontractanti_v2,cnp,STRING,YES,15
Subcontractanti_v2,ci_serie,STRING,YES,16
Subcontractanti_v2,ci_numar,STRING,YES,17
Subcontractanti_v2,ci_eliberata_de,STRING,YES,18
Subcontractanti_v2,ci_eliberata_la,DATE,YES,19
Subcontractanti_v2,data_creare,TIMESTAMP,YES,20
Subcontractanti_v2,data_actualizare,TIMESTAMP,YES,21
Subcontractanti_v2,activ,BOOL,YES,22
Subcontractanti_v2,observatii,STRING,YES,23
Subcontractanti_v2,id_factureaza,STRING,YES,24
Subcontractanti_v2,data_ultima_sincronizare,TIMESTAMP,YES,25
Subproiecte,ID_Subproiect,STRING,NO,1
Subproiecte,ID_Proiect,STRING,NO,2
Subproiecte,Denumire,STRING,NO,3
Subproiecte,Responsabil,STRING,YES,4
Subproiecte,Data_Start,DATE,YES,5
Subproiecte,Data_Final,DATE,YES,6
Subproiecte,Valoare_Estimata,"NUMERIC(10, 2)",YES,7
Subproiecte,Status,STRING,YES,8
Subproiecte,data_creare,TIMESTAMP,YES,9
Subproiecte,data_actualizare,TIMESTAMP,YES,10
Subproiecte,activ,BOOL,YES,11
Subproiecte,moneda,STRING,YES,12
Subproiecte,status_predare,STRING,YES,13
Subproiecte,status_contract,STRING,YES,14
Subproiecte,status_facturare,STRING,YES,15
Subproiecte,status_achitare,STRING,YES,16
Subproiecte,curs_valutar,"NUMERIC(10, 4)",YES,17
Subproiecte,data_curs_valutar,DATE,YES,18
Subproiecte,valoare_ron,"NUMERIC(15, 2)",YES,19
SubproiecteResponsabili,id,STRING,NO,1
SubproiecteResponsabili,subproiect_id,STRING,NO,2
SubproiecteResponsabili,responsabil_uid,STRING,NO,3
SubproiecteResponsabili,responsabil_nume,STRING,NO,4
SubproiecteResponsabili,rol_in_subproiect,STRING,YES,5
SubproiecteResponsabili,data_atribuire,TIMESTAMP,YES,6
SubproiecteResponsabili,atribuit_de,STRING,YES,7
SubproiecteResponsabili_v2,id,STRING,NO,1
SubproiecteResponsabili_v2,subproiect_id,STRING,NO,2
SubproiecteResponsabili_v2,responsabil_uid,STRING,NO,3
SubproiecteResponsabili_v2,responsabil_nume,STRING,NO,4
SubproiecteResponsabili_v2,rol_in_subproiect,STRING,YES,5
SubproiecteResponsabili_v2,data_atribuire,TIMESTAMP,YES,6
SubproiecteResponsabili_v2,atribuit_de,STRING,YES,7
Subproiecte_v2,ID_Subproiect,STRING,NO,1
Subproiecte_v2,ID_Proiect,STRING,NO,2
Subproiecte_v2,Denumire,STRING,NO,3
Subproiecte_v2,Responsabil,STRING,YES,4
Subproiecte_v2,Data_Start,DATE,YES,5
Subproiecte_v2,Data_Final,DATE,YES,6
Subproiecte_v2,Valoare_Estimata,"NUMERIC(10, 2)",YES,7
Subproiecte_v2,Status,STRING,YES,8
Subproiecte_v2,data_creare,TIMESTAMP,YES,9
Subproiecte_v2,data_actualizare,TIMESTAMP,YES,10
Subproiecte_v2,activ,BOOL,YES,11
Subproiecte_v2,moneda,STRING,YES,12
Subproiecte_v2,status_predare,STRING,YES,13
Subproiecte_v2,status_contract,STRING,YES,14
Subproiecte_v2,status_facturare,STRING,YES,15
Subproiecte_v2,status_achitare,STRING,YES,16
Subproiecte_v2,curs_valutar,"NUMERIC(10, 4)",YES,17
Subproiecte_v2,data_curs_valutar,DATE,YES,18
Subproiecte_v2,valoare_ron,"NUMERIC(15, 2)",YES,19
Subproiecte_v2,progres_procent,INT64,YES,20
TimeTracking,id,STRING,NO,1
TimeTracking,sarcina_id,STRING,YES,2
TimeTracking,utilizator_uid,STRING,NO,3
TimeTracking,utilizator_nume,STRING,NO,4
TimeTracking,data_lucru,DATE,NO,5
TimeTracking,ore_lucrate,NUMERIC,NO,6
TimeTracking,descriere_lucru,STRING,YES,7
TimeTracking,tip_inregistrare,STRING,YES,8
TimeTracking,created_at,TIMESTAMP,YES,9
TimeTracking,proiect_id,STRING,YES,10
TimeTracking,subproiect_id,STRING,YES,11
TimeTracking_v2,id,STRING,NO,1
TimeTracking_v2,sarcina_id,STRING,YES,2
TimeTracking_v2,utilizator_uid,STRING,NO,3
TimeTracking_v2,utilizator_nume,STRING,NO,4
TimeTracking_v2,data_lucru,DATE,NO,5
TimeTracking_v2,ore_lucrate,NUMERIC,NO,6
TimeTracking_v2,descriere_lucru,STRING,YES,7
TimeTracking_v2,tip_inregistrare,STRING,YES,8
TimeTracking_v2,created_at,TIMESTAMP,YES,9
TimeTracking_v2,proiect_id,STRING,YES,10
TimeTracking_v2,subproiect_id,STRING,YES,11
TranzactiiAccounts,id,STRING,NO,1
TranzactiiAccounts,iban,STRING,NO,2
TranzactiiAccounts,nume_banca,STRING,NO,3
TranzactiiAccounts,nume_cont,STRING,NO,4
TranzactiiAccounts,moneda,STRING,YES,5
TranzactiiAccounts,sold_curent,"NUMERIC(15, 2)",YES,6
TranzactiiAccounts,data_ultima_sincronizare,TIMESTAMP,YES,7
TranzactiiAccounts,activ,BOOL,YES,8
TranzactiiAccounts,observatii,STRING,YES,9
TranzactiiAccounts,data_creare,TIMESTAMP,YES,10
TranzactiiAccounts,data_actualizare,TIMESTAMP,YES,11
TranzactiiAccounts_v2,id,STRING,NO,1
TranzactiiAccounts_v2,iban,STRING,NO,2
TranzactiiAccounts_v2,nume_banca,STRING,NO,3
TranzactiiAccounts_v2,nume_cont,STRING,NO,4
TranzactiiAccounts_v2,moneda,STRING,YES,5
TranzactiiAccounts_v2,sold_curent,"NUMERIC(15, 2)",YES,6
TranzactiiAccounts_v2,data_ultima_sincronizare,TIMESTAMP,YES,7
TranzactiiAccounts_v2,activ,BOOL,YES,8
TranzactiiAccounts_v2,observatii,STRING,YES,9
TranzactiiAccounts_v2,data_creare,TIMESTAMP,YES,10
TranzactiiAccounts_v2,data_actualizare,TIMESTAMP,YES,11
TranzactiiBancare,id,STRING,NO,1
TranzactiiBancare,account_id,STRING,NO,2
TranzactiiBancare,iban_cont,STRING,NO,3
TranzactiiBancare,data_procesare,DATE,NO,4
TranzactiiBancare,suma,"NUMERIC(15, 2)",NO,5
TranzactiiBancare,valuta,STRING,YES,6
TranzactiiBancare,tip_tranzactie,STRING,NO,7
TranzactiiBancare,nume_contrapartida,STRING,YES,8
TranzactiiBancare,adresa_contrapartida,STRING,YES,9
TranzactiiBancare,iban_contrapartida,STRING,YES,10
TranzactiiBancare,banca_contrapartida,STRING,YES,11
TranzactiiBancare,cui_contrapartida,STRING,YES,12
TranzactiiBancare,detalii_tranzactie,STRING,YES,13
TranzactiiBancare,sold_intermediar,"NUMERIC(15, 2)",YES,14
TranzactiiBancare,referinta_bancii,STRING,YES,15
TranzactiiBancare,tip_categorie,STRING,YES,16
TranzactiiBancare,directie,STRING,YES,17
TranzactiiBancare,matched_factura_id,STRING,YES,18
TranzactiiBancare,matched_etapa_factura_id,STRING,YES,19
TranzactiiBancare,matched_cheltuiala_id,STRING,YES,20
TranzactiiBancare,matching_confidence,"NUMERIC(5, 2)",YES,21
TranzactiiBancare,matching_tip,STRING,YES,22
TranzactiiBancare,matching_metadata,JSON,YES,23
TranzactiiBancare,status,STRING,YES,24
TranzactiiBancare,processed,BOOL,YES,25
TranzactiiBancare,needs_review,BOOL,YES,26
TranzactiiBancare,transaction_hash,STRING,NO,27
TranzactiiBancare,data_creare,TIMESTAMP,YES,28
TranzactiiBancare,data_actualizare,TIMESTAMP,YES,29
TranzactiiBancare,creat_de,STRING,YES,30
TranzactiiBancare,actualizat_de,STRING,YES,31
TranzactiiBancare_v2,id,STRING,NO,1
TranzactiiBancare_v2,account_id,STRING,NO,2
TranzactiiBancare_v2,iban_cont,STRING,NO,3
TranzactiiBancare_v2,data_procesare,DATE,NO,4
TranzactiiBancare_v2,suma,"NUMERIC(15, 2)",NO,5
TranzactiiBancare_v2,valuta,STRING,YES,6
TranzactiiBancare_v2,tip_tranzactie,STRING,NO,7
TranzactiiBancare_v2,nume_contrapartida,STRING,YES,8
TranzactiiBancare_v2,adresa_contrapartida,STRING,YES,9
TranzactiiBancare_v2,iban_contrapartida,STRING,YES,10
TranzactiiBancare_v2,banca_contrapartida,STRING,YES,11
TranzactiiBancare_v2,cui_contrapartida,STRING,YES,12
TranzactiiBancare_v2,detalii_tranzactie,STRING,YES,13
TranzactiiBancare_v2,sold_intermediar,"NUMERIC(15, 2)",YES,14
TranzactiiBancare_v2,referinta_bancii,STRING,YES,15
TranzactiiBancare_v2,tip_categorie,STRING,YES,16
TranzactiiBancare_v2,directie,STRING,YES,17
TranzactiiBancare_v2,matched_factura_id,STRING,YES,18
TranzactiiBancare_v2,matched_etapa_factura_id,STRING,YES,19
TranzactiiBancare_v2,matched_cheltuiala_id,STRING,YES,20
TranzactiiBancare_v2,matching_confidence,"NUMERIC(5, 2)",YES,21
TranzactiiBancare_v2,matching_tip,STRING,YES,22
TranzactiiBancare_v2,matching_metadata,JSON,YES,23
TranzactiiBancare_v2,status,STRING,YES,24
TranzactiiBancare_v2,processed,BOOL,YES,25
TranzactiiBancare_v2,needs_review,BOOL,YES,26
TranzactiiBancare_v2,transaction_hash,STRING,NO,27
TranzactiiBancare_v2,data_creare,TIMESTAMP,YES,28
TranzactiiBancare_v2,data_actualizare,TIMESTAMP,YES,29
TranzactiiBancare_v2,creat_de,STRING,YES,30
TranzactiiBancare_v2,actualizat_de,STRING,YES,31
TranzactiiMatching,id,STRING,NO,1
TranzactiiMatching,tranzactie_id,STRING,NO,2
TranzactiiMatching,target_type,STRING,NO,3
TranzactiiMatching,target_id,STRING,NO,4
TranzactiiMatching,target_details,JSON,YES,5
TranzactiiMatching,confidence_score,"NUMERIC(5, 2)",NO,6
TranzactiiMatching,matching_algorithm,STRING,NO,7
TranzactiiMatching,suma_tranzactie,"NUMERIC(15, 2)",NO,8
TranzactiiMatching,suma_target,"NUMERIC(15, 2)",NO,9
TranzactiiMatching,suma_target_ron,"NUMERIC(15, 2)",NO,10
TranzactiiMatching,diferenta_ron,"NUMERIC(15, 2)",YES,11
TranzactiiMatching,diferenta_procent,"NUMERIC(5, 2)",YES,12
TranzactiiMatching,moneda_target,STRING,YES,13
TranzactiiMatching,curs_valutar_folosit,"NUMERIC(10, 4)",YES,14
TranzactiiMatching,data_curs_valutar,DATE,YES,15
TranzactiiMatching,matching_details,JSON,YES,16
TranzactiiMatching,status,STRING,YES,17
TranzactiiMatching,validated_by,STRING,YES,18
TranzactiiMatching,validation_notes,STRING,YES,19
TranzactiiMatching,data_creare,TIMESTAMP,YES,20
TranzactiiMatching,data_actualizare,TIMESTAMP,YES,21
TranzactiiMatching,creat_de,STRING,YES,22
TranzactiiMatching,actualizat_de,STRING,YES,23
TranzactiiMatching_v2,id,STRING,NO,1
TranzactiiMatching_v2,tranzactie_id,STRING,NO,2
TranzactiiMatching_v2,target_type,STRING,NO,3
TranzactiiMatching_v2,target_id,STRING,NO,4
TranzactiiMatching_v2,target_details,JSON,YES,5
TranzactiiMatching_v2,confidence_score,"NUMERIC(5, 2)",NO,6
TranzactiiMatching_v2,matching_algorithm,STRING,NO,7
TranzactiiMatching_v2,suma_tranzactie,"NUMERIC(15, 2)",NO,8
TranzactiiMatching_v2,suma_target,"NUMERIC(15, 2)",NO,9
TranzactiiMatching_v2,suma_target_ron,"NUMERIC(15, 2)",NO,10
TranzactiiMatching_v2,diferenta_ron,"NUMERIC(15, 2)",YES,11
TranzactiiMatching_v2,diferenta_procent,"NUMERIC(5, 2)",YES,12
TranzactiiMatching_v2,moneda_target,STRING,YES,13
TranzactiiMatching_v2,curs_valutar_folosit,"NUMERIC(10, 4)",YES,14
TranzactiiMatching_v2,data_curs_valutar,DATE,YES,15
TranzactiiMatching_v2,matching_details,JSON,YES,16
TranzactiiMatching_v2,status,STRING,YES,17
TranzactiiMatching_v2,validated_by,STRING,YES,18
TranzactiiMatching_v2,validation_notes,STRING,YES,19
TranzactiiMatching_v2,data_creare,TIMESTAMP,YES,20
TranzactiiMatching_v2,data_actualizare,TIMESTAMP,YES,21
TranzactiiMatching_v2,creat_de,STRING,YES,22
TranzactiiMatching_v2,actualizat_de,STRING,YES,23
TranzactiiStats,data,DATE,YES,1
TranzactiiStats,total_tranzactii,INT64,YES,2
TranzactiiStats,incasari_count,INT64,YES,3
TranzactiiStats,plati_count,INT64,YES,4
TranzactiiStats,total_incasari,NUMERIC,YES,5
TranzactiiStats,total_plati,NUMERIC,YES,6
TranzactiiStats,matched_count,INT64,YES,7
TranzactiiStats,avg_confidence,NUMERIC,YES,8
TranzactiiStats_v2,data,DATE,YES,1
TranzactiiStats_v2,total_tranzactii,INT64,YES,2
TranzactiiStats_v2,incasari_count,INT64,YES,3
TranzactiiStats_v2,plati_count,INT64,YES,4
TranzactiiStats_v2,total_incasari,NUMERIC,YES,5
TranzactiiStats_v2,total_plati,NUMERIC,YES,6
TranzactiiStats_v2,matched_count,INT64,YES,7
TranzactiiStats_v2,avg_confidence,NUMERIC,YES,8
TranzactiiSyncConfig,id,STRING,NO,1
TranzactiiSyncConfig,config_key,STRING,NO,2
TranzactiiSyncConfig,config_value,STRING,NO,3
TranzactiiSyncConfig,config_type,STRING,YES,4
TranzactiiSyncConfig,description,STRING,YES,5
TranzactiiSyncConfig,category,STRING,YES,6
TranzactiiSyncConfig,data_creare,TIMESTAMP,YES,7
TranzactiiSyncConfig,data_actualizare,TIMESTAMP,YES,8
TranzactiiSyncConfig,actualizat_de,STRING,YES,9
TranzactiiSyncLogs,id,STRING,NO,1
TranzactiiSyncLogs,account_id,STRING,NO,2
TranzactiiSyncLogs,operation_type,STRING,NO,3
TranzactiiSyncLogs,operation_status,STRING,NO,4
TranzactiiSyncLogs,records_processed,INT64,YES,5
TranzactiiSyncLogs,records_success,INT64,YES,6
TranzactiiSyncLogs,records_failed,INT64,YES,7
TranzactiiSyncLogs,records_duplicates,INT64,YES,8
TranzactiiSyncLogs,file_name,STRING,YES,9
TranzactiiSyncLogs,file_size,INT64,YES,10
TranzactiiSyncLogs,processing_time_ms,INT64,YES,11
TranzactiiSyncLogs,auto_matches_found,INT64,YES,12
TranzactiiSyncLogs,manual_matches_needed,INT64,YES,13
TranzactiiSyncLogs,confidence_avg,"NUMERIC(5, 2)",YES,14
TranzactiiSyncLogs,summary_message,STRING,YES,15
TranzactiiSyncLogs,error_details,JSON,YES,16
TranzactiiSyncLogs,data_creare,TIMESTAMP,YES,17
TranzactiiSyncLogs,creat_de,STRING,YES,18
TranzactiiSyncLogs_v2,id,STRING,NO,1
TranzactiiSyncLogs_v2,account_id,STRING,NO,2
TranzactiiSyncLogs_v2,operation_type,STRING,NO,3
TranzactiiSyncLogs_v2,operation_status,STRING,NO,4
TranzactiiSyncLogs_v2,records_processed,INT64,YES,5
TranzactiiSyncLogs_v2,records_success,INT64,YES,6
TranzactiiSyncLogs_v2,records_failed,INT64,YES,7
TranzactiiSyncLogs_v2,records_duplicates,INT64,YES,8
TranzactiiSyncLogs_v2,file_name,STRING,YES,9
TranzactiiSyncLogs_v2,file_size,INT64,YES,10
TranzactiiSyncLogs_v2,processing_time_ms,INT64,YES,11
TranzactiiSyncLogs_v2,auto_matches_found,INT64,YES,12
TranzactiiSyncLogs_v2,manual_matches_needed,INT64,YES,13
TranzactiiSyncLogs_v2,confidence_avg,"NUMERIC(5, 2)",YES,14
TranzactiiSyncLogs_v2,summary_message,STRING,YES,15
TranzactiiSyncLogs_v2,error_details,JSON,YES,16
TranzactiiSyncLogs_v2,data_creare,TIMESTAMP,YES,17
TranzactiiSyncLogs_v2,creat_de,STRING,YES,18
Utilizatori,uid,STRING,NO,1
Utilizatori,email,STRING,NO,2
Utilizatori,nume,STRING,YES,3
Utilizatori,prenume,STRING,YES,4
Utilizatori,rol,STRING,NO,5
Utilizatori,permisiuni,JSON,YES,6
Utilizatori,activ,BOOL,YES,7
Utilizatori,data_creare,TIMESTAMP,YES,8
Utilizatori,data_ultima_conectare,TIMESTAMP,YES,9
Utilizatori,created_by,STRING,YES,10
Utilizatori,updated_at,TIMESTAMP,YES,11
Utilizatori_v2,uid,STRING,NO,1
Utilizatori_v2,email,STRING,NO,2
Utilizatori_v2,nume,STRING,YES,3
Utilizatori_v2,prenume,STRING,YES,4
Utilizatori_v2,rol,STRING,NO,5
Utilizatori_v2,permisiuni,JSON,YES,6
Utilizatori_v2,activ,BOOL,YES,7
Utilizatori_v2,data_creare,TIMESTAMP,YES,8
Utilizatori_v2,data_ultima_conectare,TIMESTAMP,YES,9
Utilizatori_v2,created_by,STRING,YES,10
Utilizatori_v2,updated_at,TIMESTAMP,YES,11
V_FacturiEFactura,factura_id,STRING,YES,1
V_FacturiEFactura,numar,STRING,YES,2
V_FacturiEFactura,data_factura,DATE,YES,3
V_FacturiEFactura,client_nume,STRING,YES,4
V_FacturiEFactura,client_cui,STRING,YES,5
V_FacturiEFactura,total,NUMERIC,YES,6
V_FacturiEFactura,factura_status,STRING,YES,7
V_FacturiEFactura,efactura_enabled,BOOL,YES,8
V_FacturiEFactura,efactura_status,STRING,YES,9
V_FacturiEFactura,fg_anaf_upload_id,STRING,YES,10
V_FacturiEFactura,efactura_id,STRING,YES,11
V_FacturiEFactura,ef_anaf_upload_id,STRING,YES,12
V_FacturiEFactura,anaf_status,STRING,YES,13
V_FacturiEFactura,error_message,STRING,YES,14
V_FacturiEFactura,error_code,STRING,YES,15
V_FacturiEFactura,data_upload,TIMESTAMP,YES,16
V_FacturiEFactura,data_validare,TIMESTAMP,YES,17
V_FacturiEFactura,retry_count,INT64,YES,18
V_FacturiEFactura,status_display,STRING,YES,19
V_FacturiEFactura,status_emoji,STRING,YES,20
V_FacturiEFactura,status_color,STRING,YES,21
V_PlanificatorComplete,planificator_id,STRING,YES,1
V_PlanificatorComplete,utilizator_uid,STRING,YES,2
V_PlanificatorComplete,tip_item,STRING,YES,3
V_PlanificatorComplete,item_id,STRING,YES,4
V_PlanificatorComplete,ordine_pozitie,INT64,YES,5
V_PlanificatorComplete,comentariu_personal,STRING,YES,6
V_PlanificatorComplete,is_pinned,BOOL,YES,7
V_PlanificatorComplete,reminder_enabled,BOOL,YES,8
V_PlanificatorComplete,reminder_days_before,INT64,YES,9
V_PlanificatorComplete,proiect_denumire,STRING,YES,10
V_PlanificatorComplete,proiect_data_start,DATE,YES,11
V_PlanificatorComplete,proiect_data_final,DATE,YES,12
V_PlanificatorComplete,proiect_status,STRING,YES,13
V_PlanificatorComplete,proiect_responsabil,STRING,YES,14
V_PlanificatorComplete,subproiect_denumire,STRING,YES,15
V_PlanificatorComplete,subproiect_data_start,DATE,YES,16
V_PlanificatorComplete,subproiect_data_final,DATE,YES,17
V_PlanificatorComplete,subproiect_status,STRING,YES,18
V_PlanificatorComplete,subproiect_responsabil,STRING,YES,19
V_PlanificatorComplete,sarcina_titlu,STRING,YES,20
V_PlanificatorComplete,sarcina_descriere,STRING,YES,21
V_PlanificatorComplete,sarcina_prioritate,STRING,YES,22
V_PlanificatorComplete,sarcina_status,STRING,YES,23
V_PlanificatorComplete,sarcina_data_scadenta,DATE,YES,24
V_PlanificatorComplete,sarcina_progres,INT64,YES,25
V_PlanificatorComplete,zile_pana_scadenta,INT64,YES,26
V_PlanificatorComplete,data_actualizare,TIMESTAMP,YES,27
ViewEtapeFacturiComplete,id,STRING,YES,1
ViewEtapeFacturiComplete,proiect_id,STRING,YES,2
ViewEtapeFacturiComplete,etapa_id,STRING,YES,3
ViewEtapeFacturiComplete,anexa_id,STRING,YES,4
ViewEtapeFacturiComplete,tip_etapa,STRING,YES,5
ViewEtapeFacturiComplete,subproiect_id,STRING,YES,6
ViewEtapeFacturiComplete,factura_id,STRING,YES,7
ViewEtapeFacturiComplete,valoare,NUMERIC,YES,8
ViewEtapeFacturiComplete,moneda,STRING,YES,9
ViewEtapeFacturiComplete,valoare_ron,NUMERIC,YES,10
ViewEtapeFacturiComplete,curs_valutar,NUMERIC,YES,11
ViewEtapeFacturiComplete,data_curs_valutar,DATE,YES,12
ViewEtapeFacturiComplete,procent_din_etapa,NUMERIC,YES,13
ViewEtapeFacturiComplete,data_facturare,DATE,YES,14
ViewEtapeFacturiComplete,status_incasare,STRING,YES,15
ViewEtapeFacturiComplete,data_incasare,DATE,YES,16
ViewEtapeFacturiComplete,valoare_incasata,NUMERIC,YES,17
ViewEtapeFacturiComplete,observatii,STRING,YES,18
ViewEtapeFacturiComplete,activ,BOOL,YES,19
ViewEtapeFacturiComplete,data_creare,TIMESTAMP,YES,20
ViewEtapeFacturiComplete,data_actualizare,TIMESTAMP,YES,21
ViewEtapeFacturiComplete,creat_de,STRING,YES,22
ViewEtapeFacturiComplete,actualizat_de,STRING,YES,23
ViewEtapeFacturiComplete,versiune,INT64,YES,24
ViewEtapeFacturiComplete,factura_numar,STRING,YES,25
ViewEtapeFacturiComplete,factura_data,DATE,YES,26
ViewEtapeFacturiComplete,client_nume,STRING,YES,27
ViewEtapeFacturiComplete,factura_total,NUMERIC,YES,28
ViewEtapeFacturiComplete,proiect_denumire,STRING,YES,29
ViewEtapeFacturiComplete,subproiect_denumire,STRING,YES,30
ViewEtapeFacturiComplete,etapa_contract_denumire,STRING,YES,31
ViewEtapeFacturiComplete,etapa_contract_valoare,NUMERIC,YES,32
ViewEtapeFacturiComplete,etapa_anexa_denumire,STRING,YES,33
ViewEtapeFacturiComplete,etapa_anexa_valoare,NUMERIC,YES,34
ViewEtapeFacturiComplete,anexa_numar,INT64,YES,35